,naive_signal,rank_based,risk_aware
Asset_01,0.09385541843619911,0.2,0.0
Asset_02,0.0,0.0,0.0
Asset_03,0.1876000929643407,0.2,0.24999999999999922
Asset_04,0.22758386236586656,0.2,0.24999999999999956
Asset_05,0.0,0.0,0.0
Asset_06,0.0,0.0,0.0
Asset_07,0.056655558965837176,0.0,0.0
Asset_08,0.0,0.0,0.0
Asset_09,0.026235235413990136,0.0,0.0
Asset_10,0.0,0.0,0.0
Asset_11,0.21471956486197932,0.2,0.24999999999999933
Asset_12,0.19335026699178698,0.2,0.24999999999999906
